TCGA_ID	IFN_DEF_cnv	CDKN2A_cnv	PTEN_cnv	RB1_cnv	CDKN2A_mut	PTEN_mut	DEF_mut	IFN_mut
TCGA-2V-A95S	N	0	0	0	0	0	0	0
TCGA-2Y-A9GS	N	-1	-1	-1	0	0	0	0
TCGA-2Y-A9GT	N	0	0	0	0	0	0	0
TCGA-2Y-A9GU	N	-1	0	0	0	0	0	0
TCGA-2Y-A9GV	N	-1	0	-1	0	0	0	0
TCGA-2Y-A9GW	D	0	0	1	0	0	0	0
TCGA-2Y-A9GX	N	0	0	0	0	0	0	0
TCGA-2Y-A9GY	D	-1	0	-1	0	0	0	0
TCGA-2Y-A9GZ	N	0	0	-1	0	0	0	0
TCGA-2Y-A9H0	N	0	0	-1	0	0	0	0
TCGA-2Y-A9H1	N	0	0	0	0	0	0	0
TCGA-2Y-A9H2	N	-1	-1	-1	0	0	0	0
TCGA-2Y-A9H3	N	-1	0	0	0	0	0	0
TCGA-2Y-A9H4	N	0	-1	-2	0	0	0	0
TCGA-2Y-A9H5	N	-1	0	-1	0	0	0	0
TCGA-2Y-A9H6	N	-1	0	0	0	0	0	0
TCGA-2Y-A9H7	N	-1	0	0	0	0	0	0
TCGA-2Y-A9H8	D	-1	0	-1	0	0	0	0
TCGA-2Y-A9H9	D	0	-2	0	0	0	0	0
TCGA-2Y-A9HA	N	0	0	-1	0	0	0	0
TCGA-2Y-A9HB	N	0	0	0	0	0	0	0
TCGA-3K-AAZ8	D	-1	1	-1	0	0	0	0
TCGA-4R-AA8I	N	0	0	-2	0	0	0	0
TCGA-5C-A9VG	D	-1	1	-1	0	0	0	0
TCGA-5C-A9VH	N	-1	0	-1	0	0	0	0
TCGA-5C-AAPD	N	1	-2	0	0	0	0	0
TCGA-5R-AA1C	N	1	0	0	0	0	0	0
TCGA-5R-AA1D	N	0	0	0	0	0	0	0
TCGA-5R-AAAM	N	0	0	0	0	0	0	0
TCGA-BC-4072	N	-1	0	0	0	0	0	0
TCGA-BC-4073	N	-1	-2	0	0	0	0	0
TCGA-BC-A10Q	N	-1	-1	-1	0	0	0	0
TCGA-BC-A10R	N	-1	-1	-1	0	0	0	1
TCGA-BC-A10S	C	-2	0	0	1	0	0	0
TCGA-BC-A10T	N	0	0	-1	0	0	0	0
TCGA-BC-A10U	N	-1	0	0	0	0	0	0
TCGA-BC-A10W	N	0	-1	-1	0	0	0	0
TCGA-BC-A10X	N	0	0	0	0	0	0	0
TCGA-BC-A10Y	N	0	-2	-1	0	0	0	0
TCGA-BC-A10Z	N	0	0	-2	0	0	1	1
TCGA-BC-A110	N	0	0	0	0	0	0	0
TCGA-BC-A112	D	-1	0	-1	0	1	1	1
TCGA-BC-A216	N	0	-2	0	0	0	0	0
TCGA-BC-A217	N	1	-1	-1	0	0	0	0
TCGA-BC-A3KF	N	-1	0	-1	0	0	0	0
TCGA-BC-A3KG	N	0	-2	-2	0	0	0	1
TCGA-BC-A5W4	N	-1	-1	-1	0	0	0	0
TCGA-BC-A69H	N	-1	0	-1	0	0	0	0
TCGA-BC-A69I	N	0	0	0	0	0	0	0
TCGA-BC-A8YO	N	0	-2	-2	0	0	0	0
TCGA-BD-A2L6	N	0	-1	0	0	1	0	0
TCGA-BD-A3EP	N	0	-1	1	0	0	0	0
TCGA-BD-A3ER	N	0	0	0	0	0	0	0
TCGA-BW-A5NO	N	1	-1	-1	0	0	0	0
TCGA-BW-A5NP	N	1	1	1	0	0	0	0
TCGA-BW-A5NQ	N	-1	-1	-1	0	0	0	0
TCGA-CC-5258	N	-1	0	1	0	0	0	0
TCGA-CC-5260	N	0	-1	-1	0	0	0	0
TCGA-CC-5261	C	0	0	-2	0	0	0	0
TCGA-CC-5262	N	0	0	-1	0	0	0	0
TCGA-CC-5263	N	-1	-2	-2	0	0	0	0
TCGA-CC-5264	N	1	-2	-1	0	0	0	0
TCGA-CC-A1HT	D	-1	-1	-1	0	0	0	1
TCGA-CC-A3M9	N	-1	1	-1	0	0	0	0
TCGA-CC-A3MA	N	0	-1	-1	0	0	0	0
TCGA-CC-A3MB	N	-1	-1	0	0	0	0	0
TCGA-CC-A3MC	N	-1	-1	-1	0	0	0	0
TCGA-CC-A5UC	N	0	0	-1	0	0	0	0
TCGA-CC-A5UD	N	-1	-1	0	0	1	0	1
TCGA-CC-A5UE	N	-1	-1	-1	0	0	0	0
TCGA-CC-A7IE	N	-1	0	1	0	0	0	0
TCGA-CC-A7IF	N	-1	0	-1	0	0	0	0
TCGA-CC-A7IG	D	-1	1	-1	0	0	0	0
TCGA-CC-A7IH	D	0	1	0	0	0	0	0
TCGA-CC-A7II	N	1	-1	-1	0	0	0	0
TCGA-CC-A7IJ	N	-1	0	-1	0	0	0	0
TCGA-CC-A7IK	N	-1	0	-1	0	0	0	0
TCGA-CC-A7IL	N	-1	0	-1	0	0	0	1
TCGA-CC-A8HT	N	0	-1	0	0	0	0	0
TCGA-CC-A8HU	N	-1	1	-1	0	0	0	0
TCGA-CC-A8HV	N	1	1	-1	0	0	0	0
TCGA-CC-A9FS	N	-1	0	-1	0	0	0	0
TCGA-CC-A9FU	N	-1	1	-1	0	0	0	0
TCGA-CC-A9FV	N	0	0	0	0	0	0	0
TCGA-CC-A9FW	N	-1	1	-1	0	0	0	0
TCGA-DD-A113	N	-1	1	-1	0	0	0	0
TCGA-DD-A114	N	0	-1	-1	0	0	0	0
TCGA-DD-A115	N	-1	-1	-2	0	0	0	0
TCGA-DD-A116	N	-1	0	-1	0	0	0	0
TCGA-DD-A118	N	0	-1	-1	0	0	0	0
TCGA-DD-A119	D	-1	0	0	0	0	0	0
TCGA-DD-A11A	N	-1	-1	-1	0	0	0	0
TCGA-DD-A11B	N	-1	0	0	0	0	0	0
TCGA-DD-A11C	N	-1	-1	-1	0	0	0	0
TCGA-DD-A11D	N	0	0	0	0	0	0	0
TCGA-DD-A1E9	N	0	0	0	0	0	0	0
TCGA-DD-A1EA	N	0	0	0	0	0	0	1
TCGA-DD-A1EB	N	0	0	0	0	0	0	0
TCGA-DD-A1EC	N	0	0	0	0	0	0	0
TCGA-DD-A1ED	N	0	0	0	0	0	0	0
TCGA-DD-A1EE	N	0	0	0	0	0	0	0
TCGA-DD-A1EF	N	-1	0	-1	0	0	0	1
TCGA-DD-A1EG	N	-1	-1	1	0	1	1	1
TCGA-DD-A1EH	N	0	0	0	0	0	0	0
TCGA-DD-A1EI	N	-1	0	-1	0	0	0	0
TCGA-DD-A1EJ	N	-1	0	1	0	0	0	0
TCGA-DD-A1EK	N	0	0	-1	0	0	0	0
TCGA-DD-A1EL	N	-1	-1	0	0	0	0	0
TCGA-DD-A39V	N	0	0	0	0	0	0	0
TCGA-DD-A39W	N	0	0	0	0	0	0	0
TCGA-DD-A39X	N	-1	0	-1	0	0	0	1
TCGA-DD-A39Y	N	-1	-1	-1	0	1	1	1
TCGA-DD-A39Z	N	0	1	0	0	0	0	0
TCGA-DD-A3A0	N	-1	-1	-1	0	1	1	1
TCGA-DD-A3A1	N	0	0	0	0	0	1	1
TCGA-DD-A3A2	N	0	0	0	0	0	0	0
TCGA-DD-A3A3	N	0	0	0	0	0	0	0
TCGA-DD-A3A4	N	0	0	0	0	0	0	0
TCGA-DD-A3A5	N	0	0	-1	0	0	0	0
TCGA-DD-A3A6	N	0	0	0	0	0	0	0
TCGA-DD-A3A7	N	1	0	1	0	0	0	0
TCGA-DD-A3A8	D	0	0	0	0	0	0	0
TCGA-DD-A3A9	N	-1	1	-1	0	0	0	0
TCGA-DD-A4NA	N	0	-1	-1	0	0	0	0
TCGA-DD-A4NB	N	0	0	0	0	0	0	0
TCGA-DD-A4ND	N	-1	0	0	0	0	0	0
TCGA-DD-A4NF	D	0	0	0	0	0	0	0
TCGA-DD-A4NH	N	0	0	-1	0	0	0	0
TCGA-DD-A4NI	D	-1	-1	0	0	0	0	0
TCGA-DD-A4NJ	N	0	0	-1	0	0	0	0
TCGA-DD-A4NK	N	0	0	0	0	0	0	0
TCGA-DD-A4NL	N	0	0	0	0	0	0	0
TCGA-DD-A4NN	N	0	0	-1	0	0	0	0
TCGA-DD-A4NO	N	-1	0	-1	0	0	0	0
TCGA-DD-A4NP	N	0	0	0	0	0	0	0
TCGA-DD-A4NQ	N	0	-1	-1	0	0	0	0
TCGA-DD-A4NR	N	0	0	-1	0	0	0	0
TCGA-DD-A4NS	N	0	0	0	0	0	0	0
TCGA-DD-A4NV	N	1	1	0	0	0	0	0
TCGA-DD-A73A	N	0	0	0	0	0	0	0
TCGA-DD-A73B	N	0	0	-1	0	0	0	0
TCGA-DD-A73C	N	0	0	0	0	0	0	0
TCGA-DD-A73D	N	0	0	0	0	0	0	0
TCGA-DD-A73E	N	-1	0	-1	0	0	0	1
TCGA-DD-A73F	N	-1	0	-1	0	0	0	0
TCGA-DD-A73G	N	0	1	-1	0	0	0	0
TCGA-DD-AA3A	N	-2	0	-1	0	0	0	0
TCGA-DD-AAC8	N	0	0	-1	0	0	0	0
TCGA-DD-AAC9	N	0	0	0	0	0	0	0
TCGA-DD-AACA	I	-2	0	0	0	0	0	0
TCGA-DD-AACB	N	1	1	1	0	0	0	0
TCGA-DD-AACC	N	-2	0	0	0	0	0	0
TCGA-DD-AACD	N	0	0	0	0	0	0	0
TCGA-DD-AACE	N	-1	0	0	0	0	0	0
TCGA-DD-AACF	N	0	0	-2	0	0	0	0
TCGA-DD-AACG	D	-1	-1	-1	0	0	0	0
TCGA-DD-AACH	N	-1	-1	-1	0	0	0	0
TCGA-DD-AACI	N	0	-1	-1	0	0	0	0
TCGA-DD-AACJ	N	0	0	0	0	0	0	0
TCGA-DD-AACK	N	0	0	0	0	0	0	0
TCGA-DD-AACL	N	0	0	-1	0	0	0	0
TCGA-DD-AACM	N	0	-2	-1	0	0	0	0
TCGA-DD-AACN	N	1	1	-1	0	0	0	0
TCGA-DD-AACO	N	-1	-1	-2	0	0	0	0
TCGA-DD-AACP	N	-2	0	-1	0	0	0	0
TCGA-DD-AACQ	N	0	-2	-1	0	0	0	0
TCGA-DD-AACS	N	-1	0	-1	0	0	0	0
TCGA-DD-AACT	N	0	0	0	0	0	0	0
TCGA-DD-AACU	N	-1	-1	-1	0	0	0	0
TCGA-DD-AACV	N	0	-2	-1	0	0	0	0
TCGA-DD-AACW	I	-2	0	0	0	0	0	0
TCGA-DD-AACX	N	0	0	0	0	0	0	0
TCGA-DD-AACY	N	0	0	0	0	0	0	0
TCGA-DD-AACZ	D	-1	-1	0	0	0	0	0
TCGA-DD-AAD0	N	0	-1	0	0	0	0	0
TCGA-DD-AAD1	N	0	0	-1	0	0	0	0
TCGA-DD-AAD2	D	0	0	0	0	0	0	0
TCGA-DD-AAD3	N	-1	-1	0	0	0	0	0
TCGA-DD-AAD5	N	0	-1	0	0	0	0	0
TCGA-DD-AAD6	N	0	0	0	0	0	0	0
TCGA-DD-AAD8	N	0	-1	-1	0	0	0	0
TCGA-DD-AADA	N	0	-1	0	0	0	0	0
TCGA-DD-AADB	N	0	0	0	0	0	0	0
TCGA-DD-AADC	N	-1	0	-1	0	0	0	0
TCGA-DD-AADD	N	0	1	-1	0	0	0	0
TCGA-DD-AADE	C	-2	0	0	0	0	0	0
TCGA-DD-AADF	N	0	1	-1	0	0	0	0
TCGA-DD-AADG	N	0	0	0	0	0	0	0
TCGA-DD-AADI	N	0	0	-1	0	0	0	0
TCGA-DD-AADJ	N	-2	0	0	0	0	0	0
TCGA-DD-AADK	N	-1	0	-1	0	0	0	0
TCGA-DD-AADL	N	-1	-1	-1	0	0	0	0
TCGA-DD-AADM	N	0	0	-1	0	0	0	0
TCGA-DD-AADN	N	-1	-1	0	0	0	0	0
TCGA-DD-AADO	N	0	0	-1	0	0	0	0
TCGA-DD-AADP	N	-1	0	0	0	0	0	0
TCGA-DD-AADQ	N	-1	0	0	0	0	0	0
TCGA-DD-AADR	N	0	-1	-1	0	0	0	0
TCGA-DD-AADS	N	-1	0	0	0	0	0	0
TCGA-DD-AADU	N	0	0	0	0	0	0	0
TCGA-DD-AADV	N	-1	0	-1	0	0	0	0
TCGA-DD-AADW	N	0	0	-1	0	0	0	0
TCGA-DD-AADY	N	0	-1	-1	0	0	0	0
TCGA-DD-AAE0	D	0	0	-1	0	0	0	0
TCGA-DD-AAE1	N	-1	0	0	0	0	0	0
TCGA-DD-AAE2	N	0	-1	-1	0	0	0	0
TCGA-DD-AAE3	N	-1	0	-1	0	0	0	0
TCGA-DD-AAE4	D	0	0	-2	0	0	0	0
TCGA-DD-AAE6	N	-1	0	0	0	0	0	0
TCGA-DD-AAE7	N	0	0	0	0	0	0	0
TCGA-DD-AAE8	N	-1	-1	-1	0	0	0	0
TCGA-DD-AAE9	N	0	1	0	0	0	0	0
TCGA-DD-AAEA	N	0	0	-1	0	0	0	0
TCGA-DD-AAEB	N	0	0	0	0	0	0	0
TCGA-DD-AAED	N	-2	1	-1	0	0	0	0
TCGA-DD-AAEE	N	-1	0	-1	0	0	0	0
TCGA-DD-AAEG	N	0	0	-1	0	0	0	0
TCGA-DD-AAEH	N	0	0	0	0	0	0	0
TCGA-DD-AAEI	N	0	0	-1	0	0	0	0
TCGA-DD-AAEK	N	-1	1	-1	0	0	0	0
TCGA-DD-AAVP	N	0	0	-1	0	0	0	0
TCGA-DD-AAVQ	N	-1	0	-1	0	0	0	0
TCGA-DD-AAVR	N	0	0	0	0	0	0	0
TCGA-DD-AAVS	N	-1	0	0	0	0	0	0
TCGA-DD-AAVU	N	-1	0	0	0	0	0	0
TCGA-DD-AAVV	N	1	0	-1	0	0	0	0
TCGA-DD-AAVW	N	-1	0	1	0	0	0	0
TCGA-DD-AAVX	N	-2	0	0	0	0	0	0
TCGA-DD-AAVY	N	0	0	0	0	0	0	0
TCGA-DD-AAVZ	N	-1	1	0	0	0	0	0
TCGA-DD-AAW0	N	-1	0	0	0	0	0	0
TCGA-DD-AAW1	N	0	0	0	0	0	0	0
TCGA-DD-AAW2	D	0	0	0	0	0	0	0
TCGA-DD-AAW3	N	0	0	0	0	0	0	0
TCGA-ED-A459	N	-1	-1	-1	0	0	0	0
TCGA-ED-A4XI	N	-1	0	-1	0	0	0	0
TCGA-ED-A5KG	N	0	0	0	0	0	0	0
TCGA-ED-A627	N	0	0	0	0	0	0	0
TCGA-ED-A66X	N	-1	1	0	0	0	0	0
TCGA-ED-A66Y	N	1	-1	-1	0	0	0	0
TCGA-ED-A7PX	N	0	-1	-1	0	0	0	0
TCGA-ED-A7PY	N	0	0	0	0	0	0	0
TCGA-ED-A7PZ	N	-1	0	-1	0	0	0	0
TCGA-ED-A7XO	N	1	-2	-1	0	0	0	0
TCGA-ED-A7XP	N	-1	0	-1	1	0	0	1
TCGA-ED-A82E	I	-2	0	0	0	0	0	0
TCGA-ED-A8O5	N	0	0	0	0	0	0	0
TCGA-ED-A8O6	N	-2	-1	0	0	0	0	0
TCGA-ED-A97K	N	-2	-1	0	0	0	0	0
TCGA-EP-A12J	N	0	0	0	0	0	0	0
TCGA-EP-A26S	N	0	0	-1	0	0	0	0
TCGA-EP-A2KA	N	-1	0	0	0	0	0	0
TCGA-EP-A2KB	N	-2	1	0	0	0	0	0
TCGA-EP-A2KC	N	-1	0	0	0	0	0	0
TCGA-EP-A3JL	N	0	0	1	0	0	0	0
TCGA-EP-A3RK	N	-1	0	-1	0	0	0	0
TCGA-ES-A2HS	N	0	1	0	0	0	0	0
TCGA-ES-A2HT	N	0	0	0	0	0	0	0
TCGA-FV-A23B	N	-1	0	0	0	0	0	0
TCGA-FV-A2QQ	N	-1	-1	0	0	0	0	0
TCGA-FV-A2QR	N	0	-1	0	0	0	0	1
TCGA-FV-A3I0	N	-1	-1	-1	0	0	0	0
TCGA-FV-A3I1	N	-1	0	-1	0	0	0	0
TCGA-FV-A3R2	N	-2	0	-1	0	0	0	0
TCGA-FV-A3R3	N	0	0	0	0	0	0	0
TCGA-FV-A495	N	0	0	-2	0	0	0	0
TCGA-FV-A496	N	0	-1	0	0	0	0	0
TCGA-FV-A4ZP	N	-1	0	0	0	0	0	0
TCGA-FV-A4ZQ	D	0	1	0	0	0	0	0
TCGA-G3-A25S	N	-1	0	-1	0	0	0	0
TCGA-G3-A25T	N	-1	-1	-1	0	0	0	0
TCGA-G3-A25U	N	1	-1	0	0	0	0	0
TCGA-G3-A25V	N	0	0	0	0	0	0	0
TCGA-G3-A25W	N	0	0	0	0	0	0	0
TCGA-G3-A25X	N	0	-1	-1	0	0	0	0
TCGA-G3-A25Y	N	0	0	-1	0	0	0	0
TCGA-G3-A25Z	N	0	0	0	0	0	0	0
TCGA-G3-A3CG	D	0	0	0	0	0	0	0
TCGA-G3-A3CH	N	0	0	-1	0	0	0	0
TCGA-G3-A3CI	N	0	0	0	0	0	0	0
TCGA-G3-A3CJ	N	-1	0	0	0	1	1	1
TCGA-G3-A3CK	N	0	0	0	0	0	0	0
TCGA-G3-A5SI	N	0	0	-1	0	0	0	0
TCGA-G3-A5SJ	N	0	-1	0	0	0	0	0
TCGA-G3-A5SL	N	0	1	0	0	0	0	0
TCGA-G3-A5SM	N	0	1	-1	0	0	0	0
TCGA-G3-A6UC	N	0	0	0	0	0	0	0
TCGA-G3-A7M5	N	-1	-1	-1	0	0	0	0
TCGA-G3-A7M6	N	0	0	-1	0	0	0	0
TCGA-G3-A7M7	D	-2	0	0	0	0	0	1
TCGA-G3-A7M8	N	0	0	0	0	0	0	0
TCGA-G3-A7M9	N	0	0	0	0	0	0	0
TCGA-G3-AAUZ	N	0	0	-1	0	0	0	0
TCGA-G3-AAV0	N	0	0	0	0	0	0	0
TCGA-G3-AAV1	N	-1	-1	1	0	0	0	0
TCGA-G3-AAV2	N	0	0	0	0	0	0	0
TCGA-G3-AAV3	N	-1	0	0	0	0	0	0
TCGA-G3-AAV4	N	0	-1	-1	0	0	0	0
TCGA-G3-AAV5	N	0	1	0	0	0	0	0
TCGA-G3-AAV6	I	-2	1	1	0	0	0	0
TCGA-G3-AAV7	N	-1	0	-1	0	0	0	0
TCGA-GJ-A3OU	N	0	0	-1	0	0	0	0
TCGA-GJ-A6C0	N	0	0	-1	0	0	0	0
TCGA-GJ-A9DB	N	-1	0	-1	0	0	0	0
TCGA-HP-A5MZ	N	0	0	0	0	0	0	0
TCGA-HP-A5N0	N	0	-1	0	0	0	0	0
TCGA-K7-A5RF	N	0	0	0	0	0	0	0
TCGA-K7-A5RG	N	0	-1	-1	0	0	0	0
TCGA-K7-A6G5	N	0	0	0	0	0	0	0
TCGA-K7-AAU7	N	0	0	0	0	0	0	0
TCGA-KR-A7K0	N	0	0	0	0	0	0	0
TCGA-KR-A7K2	N	1	-1	-1	0	0	0	0
TCGA-KR-A7K7	N	-2	-1	0	0	0	0	0
TCGA-KR-A7K8	D	-1	0	-1	0	0	0	0
TCGA-LG-A6GG	N	0	0	0	0	0	0	0
TCGA-LG-A9QC	N	0	0	0	0	0	0	0
TCGA-LG-A9QD	D	0	0	0	0	0	0	0
TCGA-MI-A75C	N	0	0	0	0	0	0	0
TCGA-MI-A75E	N	0	0	0	0	0	0	0
TCGA-MI-A75G	N	-1	0	-1	0	0	0	0
TCGA-MI-A75H	D	0	0	0	0	0	0	0
TCGA-MI-A75I	I	-2	0	-1	0	0	0	0
TCGA-MR-A520	N	0	0	0	0	0	0	0
TCGA-MR-A8JO	D	0	-1	-1	0	0	0	0
TCGA-NI-A4U2	N	0	-1	0	0	0	0	0
TCGA-NI-A8LF	N	-1	1	-1	0	0	0	0
TCGA-O8-A75V	N	0	0	0	0	0	0	0
TCGA-PD-A5DF	N	0	-1	-1	0	0	0	0
TCGA-QA-A7B7	N	0	-1	0	0	1	0	0
TCGA-RC-A6M3	N	0	0	-2	0	0	0	0
TCGA-RC-A6M4	N	-1	0	-1	0	0	0	1
TCGA-RC-A6M5	N	-1	0	-1	0	0	0	0
TCGA-RC-A6M6	N	-1	-1	0	0	0	0	0
TCGA-RC-A7S9	N	-1	0	-1	0	0	0	0
TCGA-RC-A7SB	N	-1	-1	0	0	0	0	0
TCGA-RC-A7SF	N	-1	0	-1	0	0	0	0
TCGA-RC-A7SH	N	-1	1	-1	0	0	0	0
TCGA-RC-A7SK	N	-1	-1	-1	0	0	0	0
TCGA-RG-A7D4	N	-1	-1	-1	0	0	0	0
TCGA-T1-A6J8	N	-1	0	0	0	0	0	0
TCGA-UB-A7MA	N	0	1	-1	0	0	0	0
TCGA-UB-A7MB	D	2	-1	-2	0	0	0	1
TCGA-UB-A7MC	N	0	0	-2	0	0	0	0
TCGA-UB-A7MD	N	0	-1	0	0	0	0	0
TCGA-UB-A7ME	D	-1	0	0	0	0	0	0
TCGA-UB-A7MF	N	-2	0	-1	0	0	0	0
TCGA-UB-AA0U	N	-1	1	-2	0	0	0	0
TCGA-UB-AA0V	N	0	0	0	0	0	0	0
TCGA-WJ-A86L	N	0	-2	-1	0	0	0	0
TCGA-WQ-A9G7	N	-1	0	0	0	0	0	0
TCGA-WQ-AB4B	D	-1	0	0	0	0	0	0
TCGA-WX-AA44	N	0	0	-1	0	0	0	0
TCGA-WX-AA46	N	0	0	0	0	0	0	0
TCGA-WX-AA47	N	0	0	-1	0	0	0	0
TCGA-XR-A8TD	N	0	-2	-2	0	0	0	0
TCGA-XR-A8TE	N	0	0	0	0	0	0	0
TCGA-XR-A8TF	I	-2	1	-2	0	0	0	0
TCGA-XR-A8TG	N	0	0	-1	0	0	0	0
TCGA-YA-A8S7	D	0	-1	-1	0	0	0	0
TCGA-ZP-A9CV	N	0	0	0	0	0	0	0
TCGA-ZP-A9CY	N	0	0	-2	0	0	0	0
TCGA-ZP-A9CZ	N	0	0	-2	0	0	0	0
TCGA-ZP-A9D0	N	-1	0	-1	0	0	0	0
TCGA-ZP-A9D1	N	-1	-1	0	0	0	0	0
TCGA-ZP-A9D2	N	-1	0	0	0	0	0	0
TCGA-ZP-A9D4	N	0	0	0	0	0	0	0
TCGA-ZS-A9CD	D	0	0	0	0	0	0	0
TCGA-ZS-A9CE	N	0	-1	-1	0	0	0	0
TCGA-ZS-A9CF	N	0	0	0	0	0	0	0
TCGA-ZS-A9CG	N	0	0	-1	0	0	0	0
