TCGA_ID	IFN_DEF_cnv	CDKN2A_cnv	PTEN_cnv	CDKN2A_mut	PTEN_mut	DEF_mut	IFN_mut
TCGA-2J-AAB1	N	-2	0	0	0	0	0
TCGA-2J-AAB4	N	0	0	0	0	0	0
TCGA-2J-AAB6	N	-2	0	0	0	0	0
TCGA-2J-AAB8	N	0	0	0	0	0	0
TCGA-2J-AAB9	D	0	0	0	0	0	0
TCGA-2J-AABA	N	-2	-1	0	0	0	0
TCGA-2J-AABE	N	-1	0	0	0	0	0
TCGA-2J-AABF	N	-1	0	0	0	0	0
TCGA-2J-AABH	N	-1	0	0	0	0	0
TCGA-2J-AABI	N	-1	0	0	0	0	0
TCGA-2J-AABK	N	0	0	0	0	0	0
TCGA-2J-AABO	N	-2	-1	0	0	0	0
TCGA-2J-AABP	N	1	-1	0	0	0	0
TCGA-2J-AABR	N	0	0	0	0	0	0
TCGA-2J-AABT	N	-2	0	0	0	0	0
TCGA-2J-AABU	I	-2	-1	0	0	0	0
TCGA-2J-AABV	N	0	0	0	0	0	0
TCGA-2L-AAQA	N	-1	0	0	0	0	0
TCGA-2L-AAQE	N	-1	0	0	0	0	0
TCGA-2L-AAQI	I	-2	-1	0	0	0	0
TCGA-2L-AAQJ	N	-1	0	0	0	0	0
TCGA-2L-AAQL	N	-2	1	0	0	0	0
TCGA-2L-AAQM	N	1	-1	0	0	0	0
TCGA-3A-A9I5	N	-1	0	0	0	0	0
TCGA-3A-A9I7	N	0	0	1	0	0	0
TCGA-3A-A9I9	N	-1	0	0	0	0	0
TCGA-3A-A9IB	N	-1	0	0	0	0	0
TCGA-3A-A9IC	N	0	0	0	0	0	0
TCGA-3A-A9IH	N	-1	0	0	0	0	0
TCGA-3A-A9IJ	N	0	0	0	0	0	0
TCGA-3A-A9IL	N	0	-1	0	0	0	0
TCGA-3A-A9IN	N	0	0	0	0	0	0
TCGA-3A-A9IO	N	0	1	0	0	0	0
TCGA-3A-A9IR	N	0	0	0	0	0	0
TCGA-3A-A9IS	N	0	-1	0	0	0	0
TCGA-3A-A9IU	N	-1	-1	0	0	0	0
TCGA-3A-A9IV	N	-2	0	0	0	0	0
TCGA-3A-A9IX	N	-1	0	0	0	0	0
TCGA-3A-A9IZ	N	-2	-1	0	0	0	0
TCGA-3A-A9J0	I	-2	0	0	0	0	0
TCGA-3E-AAAY	N	0	0	0	0	0	0
TCGA-3E-AAAZ	N	-1	0	0	0	0	0
TCGA-F2-6879	N	-1	0	1	0	0	0
TCGA-F2-6880	N	0	0	0	0	0	0
TCGA-F2-7273	N	0	0	0	0	0	0
TCGA-F2-7276	N	0	0	0	0	0	0
TCGA-F2-A44G	I	-2	0	0	0	0	0
TCGA-F2-A44H	N	-1	0	0	0	0	0
TCGA-F2-A7TX	N	0	1	0	0	0	0
TCGA-F2-A8YN	N	-1	0	1	0	0	0
TCGA-FB-A4P5	N	0	0	0	0	0	0
TCGA-FB-A545	N	-1	-1	1	0	0	0
TCGA-FB-A5VM	N	-2	0	0	0	0	0
TCGA-FB-A78T	N	-1	0	1	0	0	0
TCGA-FB-A7DR	N	-1	0	0	0	0	0
TCGA-FB-AAPP	N	-2	1	0	0	0	0
TCGA-FB-AAPQ	N	-1	0	0	0	0	0
TCGA-FB-AAPS	N	-1	0	0	0	0	0
TCGA-FB-AAPU	I	-2	0	0	0	0	0
TCGA-FB-AAPY	N	-1	0	0	0	0	0
TCGA-FB-AAPZ	I	-2	0	0	0	0	0
TCGA-FB-AAQ0	N	-2	0	0	0	0	0
TCGA-FB-AAQ1	N	-1	0	0	0	0	0
TCGA-FB-AAQ2	N	-1	-1	0	0	0	0
TCGA-FB-AAQ3	N	-2	0	0	0	0	0
TCGA-FB-AAQ6	N	-1	0	0	0	0	0
TCGA-FZ-5919	I	-2	0	0	0	0	0
TCGA-FZ-5920	N	-1	1	0	0	0	0
TCGA-FZ-5921	N	-1	-1	0	0	0	0
TCGA-FZ-5922	I	-2	0	0	0	0	0
TCGA-FZ-5923	I	-2	1	0	0	0	0
TCGA-FZ-5924	N	-1	-1	0	0	0	0
TCGA-FZ-5926	N	-1	0	0	0	0	0
TCGA-H6-8124	N	-1	-1	1	0	0	0
TCGA-H6-A45N	N	0	0	0	0	0	0
TCGA-H8-A6C1	I	-2	0	0	0	0	0
TCGA-HV-A5A3	I	-2	0	0	0	0	0
TCGA-HV-A5A4	I	-2	0	0	0	0	0
TCGA-HV-A5A5	N	0	0	0	0	0	0
TCGA-HV-A5A6	N	-1	-1	0	0	0	0
TCGA-HV-A7OL	N	-1	0	1	0	0	0
TCGA-HV-A7OP	N	0	1	0	0	0	0
TCGA-HV-AA8V	I	-2	0	0	0	0	0
TCGA-HV-AA8X	N	-1	0	0	0	0	0
TCGA-HZ-7289	N	-1	-1	0	0	0	0
TCGA-HZ-7918	N	-1	-1	0	0	0	0
TCGA-HZ-7919	I	-2	0	0	0	0	0
TCGA-HZ-7920	N	0	0	0	0	0	0
TCGA-HZ-7922	I	-2	0	0	0	0	1
TCGA-HZ-7923	N	0	0	0	0	0	0
TCGA-HZ-7924	N	0	0	0	0	0	0
TCGA-HZ-7925	N	-1	0	0	0	0	0
TCGA-HZ-7926	N	0	0	1	0	0	0
TCGA-HZ-8001	N	0	0	0	0	0	0
TCGA-HZ-8002	N	0	0	0	0	0	0
TCGA-HZ-8003	N	0	0	0	0	0	0
TCGA-HZ-8005	N	-1	-1	0	0	0	0
TCGA-HZ-8315	I	-2	0	0	0	0	0
TCGA-HZ-8317	N	0	0	0	0	0	0
TCGA-HZ-8519	N	0	0	0	0	0	0
TCGA-HZ-8636	I	-2	0	0	0	0	0
TCGA-HZ-8637	N	-1	0	0	0	0	1
TCGA-HZ-8638	N	0	0	0	0	0	0
TCGA-HZ-A49G	N	-1	0	1	0	0	0
TCGA-HZ-A49H	N	0	0	0	0	0	0
TCGA-HZ-A49I	N	-2	0	0	0	0	0
TCGA-HZ-A4BH	N	-1	0	1	0	1	0
TCGA-HZ-A4BK	I	-2	0	0	0	0	0
TCGA-HZ-A77O	N	-1	-2	1	0	0	0
TCGA-HZ-A77P	N	0	0	0	0	0	0
TCGA-HZ-A77Q	I	-2	-1	0	0	0	0
TCGA-HZ-A8P0	N	-1	-1	1	0	0	0
TCGA-HZ-A8P1	N	-1	0	0	0	0	0
TCGA-HZ-A9TJ	N	-1	-1	0	0	0	0
TCGA-IB-7644	N	0	0	0	0	0	0
TCGA-IB-7645	N	-1	0	0	0	0	0
TCGA-IB-7646	I	-2	-1	0	0	0	0
TCGA-IB-7647	N	-1	0	0	0	0	0
TCGA-IB-7649	N	-1	0	0	0	0	0
TCGA-IB-7651	N	0	0	0	0	1	1
TCGA-IB-7652	N	-1	0	0	0	0	0
TCGA-IB-7654	N	-1	-1	0	0	0	0
TCGA-IB-7885	N	-1	-1	0	0	0	0
TCGA-IB-7886	D	-1	1	1	0	0	0
TCGA-IB-7887	I	-2	-1	0	0	0	0
TCGA-IB-7888	N	0	0	0	0	0	0
TCGA-IB-7889	N	0	0	1	0	0	0
TCGA-IB-7890	I	-2	-1	0	0	0	0
TCGA-IB-7891	N	0	0	0	0	0	0
TCGA-IB-7893	N	-2	-1	0	0	0	0
TCGA-IB-7897	N	0	0	0	0	0	0
TCGA-IB-8126	N	0	0	0	0	0	0
TCGA-IB-8127	N	-1	2	1	0	0	0
TCGA-IB-A5SO	N	0	0	0	0	0	0
TCGA-IB-A5SP	N	-1	1	0	0	0	0
TCGA-IB-A5SQ	N	0	0	0	0	0	0
TCGA-IB-A5SS	N	-1	2	1	0	0	0
TCGA-IB-A5ST	N	0	0	0	0	0	0
TCGA-IB-A6UF	N	-2	0	0	0	0	0
TCGA-IB-A6UG	N	0	1	1	0	0	0
TCGA-IB-A7LX	I	-2	1	0	0	0	0
TCGA-IB-A7M4	N	-1	0	0	0	0	0
TCGA-IB-AAUM	N	0	0	0	0	0	0
TCGA-IB-AAUN	N	-1	0	0	0	0	0
TCGA-IB-AAUO	N	-2	0	0	0	0	0
TCGA-IB-AAUP	N	0	0	0	0	0	0
TCGA-IB-AAUQ	N	0	-1	0	0	0	0
TCGA-IB-AAUR	N	0	0	0	0	0	0
TCGA-IB-AAUS	N	0	0	0	0	0	0
TCGA-IB-AAUT	N	0	0	0	0	0	0
TCGA-IB-AAUU	I	-2	1	0	0	0	0
TCGA-IB-AAUV	N	0	0	0	0	0	0
TCGA-IB-AAUW	N	0	0	0	0	0	0
TCGA-L1-A7W4	N	-1	0	0	0	0	0
TCGA-LB-A7SX	N	-2	0	0	0	0	0
TCGA-LB-A8F3	I	-2	1	0	0	0	0
TCGA-LB-A9Q5	N	0	0	0	0	0	0
TCGA-M8-A5N4	N	-1	0	1	0	0	0
TCGA-OE-A75W	N	-1	0	1	0	0	0
TCGA-PZ-A5RE	I	-2	0	0	0	0	0
TCGA-Q3-A5QY	N	0	0	0	0	0	0
TCGA-Q3-AA2A	N	-1	0	0	0	0	0
TCGA-RB-A7B8	I	-2	0	0	0	0	0
TCGA-RB-AA9M	N	-1	0	0	0	0	0
TCGA-RL-AAAS	N	0	0	0	0	0	0
TCGA-S4-A8RM	I	-2	0	0	0	0	0
TCGA-S4-A8RO	N	0	-1	0	0	0	0
TCGA-S4-A8RP	N	-2	0	0	0	0	0
TCGA-US-A774	N	0	0	0	0	0	0
TCGA-US-A776	N	0	-1	0	0	0	0
TCGA-US-A779	I	-2	0	0	0	0	0
TCGA-US-A77E	N	-2	0	0	0	0	0
TCGA-US-A77G	N	-1	0	1	0	0	0
TCGA-US-A77J	N	0	0	0	0	0	0
TCGA-XD-AAUG	N	0	-1	0	0	0	0
TCGA-XD-AAUH	N	0	0	0	0	0	0
TCGA-XD-AAUI	I	-2	0	0	0	0	0
TCGA-XD-AAUL	I	-2	0	0	0	0	0
TCGA-XN-A8T3	N	-2	-1	0	0	0	0
TCGA-XN-A8T5	N	0	0	0	0	0	0
TCGA-YB-A89D	N	0	0	1	0	0	0
TCGA-YH-A8SY	N	-2	0	0	0	0	0
TCGA-YY-A8LH	N	-1	0	0	0	0	0
TCGA-Z5-AAPL	N	0	0	0	0	0	0
